{
    "data": [
        {
            "img": "assets/images/user/user1.jpg",
            "name": "Jenish shah",
            "email": "test@email.com",
            "date-of-appointment": "12-08-2019",
            "time": "10:18",
            "mobile": "1234567890",
            "doctor": "Dr.Rajesh",
            "injury": "Fever"
        },
        {
            "img": "assets/images/user/user2.jpg",
            "name": "Pooja Patel",
            "email": "test@email.com",
            "date-of-appointment": "18-09-2019",
            "time": "18:25",
            "mobile": "1234567890",
            "doctor": "Dr.Sarah Smith",
            "injury": "Malaria"
        },
        {
            "img": "assets/images/user/user3.jpg",
            "name": "Pankaj Singh",
            "email": "test@email.com",
            "date-of-appointment": "07-09-2019",
            "time": "11:30",
            "mobile": "1234567890",
            "doctor": "Dr.Rajesh",
            "injury": "Cholera"
        },
        {
            "img": "assets/images/user/user4.jpg",
            "name": "Jenish shah",
            "email": "test@email.com",
            "date-of-appointment": "12-08-2019",
            "time": "10:18",
            "mobile": "1234567890",
            "doctor": "Dr.Jay Soni",
            "injury": "Fever"
        },
        {
            "img": "assets/images/user/user5.jpg",
            "name": "Jenish shah",
            "email": "test@email.com",
            "date-of-appointment": "12-08-2019",
            "time": "10:18",
            "mobile": "1234567890",
            "doctor": "Dr.Rajesh",
            "injury": "Fever"
        },
        {
            "img": "assets/images/user/user6.jpg",
            "name": "Jenish shah",
            "email": "test@email.com",
            "date-of-appointment": "12-08-2019",
            "time": "10:18",
            "mobile": "1234567890",
            "doctor": "Dr.Rajesh",
            "injury": "Fever"
        },
        {
            "img": "assets/images/user/user7.jpg",
            "name": "Jenish shah",
            "email": "test@email.com",
            "date-of-appointment": "12-08-2019",
            "time": "10:18",
            "mobile": "1234567890",
            "doctor": "Dr.Rajesh",
            "injury": "Fever"
        },
        {
            "img": "assets/images/user/user8.jpg",
            "name": "Jenish shah",
            "email": "test@email.com",
            "date-of-appointment": "12-08-2019",
            "time": "10:18",
            "mobile": "1234567890",
            "doctor": "Dr.Jay Soni",
            "injury": "Fever"
        },
        {
            "img": "assets/images/user/user9.jpg",
            "name": "Jenish shah",
            "email": "test@email.com",
            "date-of-appointment": "12-08-2019",
            "time": "10:18",
            "mobile": "1234567890",
            "doctor": "Dr.Rajesh",
            "injury": "Fever"
        },
        {
            "img": "assets/images/user/user10.jpg",
            "name": "Jenish shah",
            "email": "test@email.com",
            "date-of-appointment": "12-08-2019",
            "time": "10:18",
            "mobile": "1234567890",
            "doctor": "Dr.Rajesh",
            "injury": "Fever"
        },
        {
            "img": "assets/images/user/user1.jpg",
            "name": "Jenish shah",
            "email": "test@email.com",
            "date-of-appointment": "12-08-2019",
            "time": "10:18",
            "mobile": "1234567890",
            "doctor": "Dr.Jay Soni",
            "injury": "Fever"
        },
        {
            "img": "assets/images/user/user1.jpg",
            "name": "Jenish shah",
            "email": "test@email.com",
            "date-of-appointment": "12-08-2019",
            "time": "10:18",
            "mobile": "1234567890",
            "doctor": "Dr.Rajesh",
            "injury": "Fever"
        },
        {
            "img": "assets/images/user/user2.jpg",
            "name": "Pooja Patel",
            "email": "test@email.com",
            "date-of-appointment": "18-09-2019",
            "time": "18:25",
            "mobile": "1234567890",
            "doctor": "Dr.Sarah Smith",
            "injury": "Malaria"
        },
        {
            "img": "assets/images/user/user3.jpg",
            "name": "Pankaj Singh",
            "email": "test@email.com",
            "date-of-appointment": "07-09-2019",
            "time": "11:30",
            "mobile": "1234567890",
            "doctor": "Dr.Rajesh",
            "injury": "Cholera"
        },
        {
            "img": "assets/images/user/user4.jpg",
            "name": "Jenish shah",
            "email": "test@email.com",
            "date-of-appointment": "12-08-2019",
            "time": "10:18",
            "mobile": "1234567890",
            "doctor": "Dr.Jay Soni",
            "injury": "Fever"
        },
        {
            "img": "assets/images/user/user5.jpg",
            "name": "Jenish shah",
            "email": "test@email.com",
            "date-of-appointment": "12-08-2019",
            "time": "10:18",
            "mobile": "1234567890",
            "doctor": "Dr.Rajesh",
            "injury": "Fever"
        }
    ]
}