{
    "data": [
        {
            "img": "assets/images/user/user1.jpg",
            "department": "Urology",
            "email": "test@email.com",
            "jdate": "12-08-2019",
            "time": "10:18",
            "mobile": "1234567890",
            "name": "Dr.Rajesh",
            "specialization": "Prostate",
            "degree": "MBBS"
        },
        {
            "img": "assets/images/user/user2.jpg",
            "department": "Dentist",
            "email": "test@email.com",
            "jdate": "18-09-2019",
            "time": "18:25",
            "mobile": "1234567890",
            "name": "Dr.Sarah Smith",
            "specialization": "Dental Public Health ",
            "degree": "BHMS"
        },
        {
            "img": "assets/images/user/user3.jpg",
            "department": "General",
            "email": "test@email.com",
            "jdate": "07-09-2019",
            "time": "11:30",
            "mobile": "1234567890",
            "name": "Dr.Rajesh",
            "specialization": "Cholera",
            "degree": "MBBS,MD"
        },
        {
            "img": "assets/images/user/user4.jpg",
            "department": "Urology",
            "email": "test@email.com",
            "jdate": "12-08-2019",
            "time": "10:18",
            "mobile": "1234567890",
            "name": "Dr.Jay Soni",
            "specialization": "Kidney",
            "degree": "MBBS"
        },
        {
            "img": "assets/images/user/user5.jpg",
            "department": "Urology",
            "email": "test@email.com",
            "jdate": "12-08-2019",
            "time": "10:18",
            "mobile": "1234567890",
            "name": "Dr.Rajesh",
            "specialization": "Prostate",
            "degree": "MBBS"
        },
        {
            "img": "assets/images/user/user6.jpg",
            "department": "Urology",
            "email": "test@email.com",
            "jdate": "12-08-2019",
            "time": "10:18",
            "mobile": "1234567890",
            "name": "Dr.Rajesh",
            "specialization": "Prostate",
            "degree": "MBBS"
        },
        {
            "img": "assets/images/user/user7.jpg",
            "department": "Gynecology",
            "email": "test@email.com",
            "jdate": "12-08-2019",
            "time": "10:18",
            "mobile": "1234567890",
            "name": "Dr.Rajesh",
            "specialization": "infertility",
            "degree": "MBBS,MS"
        },
        {
            "img": "assets/images/user/user8.jpg",
            "department": "Oncology",
            "email": "test@email.com",
            "jdate": "12-08-2019",
            "time": "10:18",
            "mobile": "1234567890",
            "name": "Dr.Jay Soni",
            "specialization": "cancer",
            "degree": "MBBS"
        },
        {
            "img": "assets/images/user/user9.jpg",
            "department": "Otolaryngology",
            "email": "test@email.com",
            "jdate": "12-08-2019",
            "time": "10:18",
            "mobile": "1234567890",
            "name": "Dr.Rajesh",
            "specialization": "Ear, Nose",
            "degree": "MBBS"
        },
        {
            "img": "assets/images/user/user10.jpg",
            "department": "Radiology",
            "email": "test@email.com",
            "jdate": "12-08-2019",
            "time": "10:18",
            "mobile": "1234567890",
            "name": "Dr.Rajesh",
            "specialization": "Radiology",
            "degree": "MBBS"
        },
        {
            "img": "assets/images/user/user1.jpg",
            "department": "Urology",
            "email": "test@email.com",
            "jdate": "12-08-2019",
            "time": "10:18",
            "mobile": "1234567890",
            "name": "Dr.Jay Soni",
            "specialization": "Kidney",
            "degree": "MBBS"
        },
        {
            "img": "assets/images/user/user1.jpg",
            "department": "Urology",
            "email": "test@email.com",
            "jdate": "12-08-2019",
            "time": "10:18",
            "mobile": "1234567890",
            "name": "Dr.Rajesh",
            "specialization": "Prostate",
            "degree": "MBBS"
        },
        {
            "img": "assets/images/user/user2.jpg",
            "department": "Dentist",
            "email": "test@email.com",
            "jdate": "18-09-2019",
            "time": "18:25",
            "mobile": "1234567890",
            "name": "Dr.Sarah Smith",
            "specialization": "Dental Public Health ",
            "degree": "BHMS"
        },
        {
            "img": "assets/images/user/user3.jpg",
            "department": "General",
            "email": "test@email.com",
            "jdate": "07-09-2019",
            "time": "11:30",
            "mobile": "1234567890",
            "name": "Dr.Rajesh",
            "specialization": "Cholera",
            "degree": "MBBS,MD"
        },
        {
            "img": "assets/images/user/user4.jpg",
            "department": "Urology",
            "email": "test@email.com",
            "jdate": "12-08-2019",
            "time": "10:18",
            "mobile": "1234567890",
            "name": "Dr.Jay Soni",
            "specialization": "Kidney",
            "degree": "MBBS"
        },
        {
            "img": "assets/images/user/user5.jpg",
            "department": "Urology",
            "email": "test@email.com",
            "jdate": "12-08-2019",
            "time": "10:18",
            "mobile": "1234567890",
            "name": "Dr.Rajesh",
            "specialization": "Prostate",
            "degree": "MBBS"
        }
    ]
}