{
    "data": [
        {
            "img": "assets/images/user/user1.jpg",
            "name": "Sarah Smith",
            "sex": "Male",
            "address": "18,Ajay flats, satadhar, ahmedabad",
            "mobile": "1234567890",
            "bDate": "25-04-1988",
            "bGroup": "B+",
            "treatment": "Malaria"
        },
        {
            "img": "assets/images/user/user2.jpg",
            "name": "Pooja Patel",
            "sex": "Female",
            "address": "22,tilak appt. surat",
            "mobile": "1234567890",
            "bDate": "15-09-1991",
            "bGroup": "O+",
            "treatment": "Fever"
        },
        {
            "img": "assets/images/user/user3.jpg",
            "name": "John Deo",
            "sex": "Female",
            "address": "18,Ajay flats, satadhar, ahmedabad",
            "mobile": "1234567890",
            "bDate": "13-07-1992",
            "bGroup": "O+",
            "treatment": "Fever"
        },
        {
            "img": "assets/images/user/user4.jpg",
            "name": "Megha Trivedi",
            "sex": "Male",
            "address": "18,Ajay flats, satadhar, ahmedabad",
            "mobile": "1234567890",
            "bDate": "05-04-1992",
            "bGroup": "AB+",
            "treatment": "Cholera"
        },
        {
            "img": "assets/images/user/user5.jpg",
            "name": "Rajesh Patel",
            "sex": "Female",
            "address": "22,tilak appt. surat",
            "mobile": "1234567890",
            "bDate": "05-04-1992",
            "bGroup": "AB-",
            "treatment": "Fever"
        },
        {
            "img": "assets/images/user/user6.jpg",
            "name": "Jacob Ryan",
            "sex": "Female",
            "address": "22,tilak appt. surat",
            "mobile": "1234567890",
            "bDate": "25-04-1988",
            "bGroup": "B+",
            "treatment": "Malaria"
        },
        {
            "img": "assets/images/user/user7.jpg",
            "name": "Jay Soni",
            "sex": "Female",
            "address": "18,Ajay flats, satadhar, ahmedabad",
            "mobile": "1234567890",
            "bDate": "15-09-1991",
            "bGroup": "O+",
            "treatment": "Fever"
        },
        {
            "img": "assets/images/user/user8.jpg",
            "name": "Pooja Patel",
            "sex": "Male",
            "address": "22,tilak appt. surat",
            "mobile": "1234567890",
            "bDate": "13-07-1992",
            "bGroup": "AB+",
            "treatment": "Cholera"
        },
        {
            "img": "assets/images/user/user9.jpg",
            "name": "John Deo",
            "sex": "Female",
            "address": "22,tilak appt. surat",
            "mobile": "1234567890",
            "bDate": "05-04-1992",
            "bGroup": "O+",
            "treatment": "Fever"
        },
        {
            "img": "assets/images/user/user1.jpg",
            "name": "Megha Trivedi",
            "sex": "Female",
            "address": "18,Ajay flats, satadhar, ahmedabad",
            "mobile": "1234567890",
            "bDate": "25-04-1988",
            "bGroup": "AB+",
            "treatment": "Malaria"
        },
        {
            "img": "assets/images/user/user2.jpg",
            "name": "Sarah Smith",
            "sex": "Female",
            "address": "22,tilak appt. surat",
            "mobile": "1234567890",
            "bDate": "05-04-1992",
            "bGroup": "B+",
            "treatment": "Fever"
        },
        {
            "img": "assets/images/user/user3.jpg",
            "name": "Pooja Patel",
            "sex": "Male",
            "address": "22,tilak appt. surat",
            "mobile": "1234567890",
            "bDate": "13-07-1992",
            "bGroup": "O+",
            "treatment": "Cholera"
        },
        {
            "img": "assets/images/user/user4.jpg",
            "name": "Jay Soni",
            "sex": "Female",
            "address": "18,Ajay flats, satadhar, ahmedabad",
            "mobile": "1234567890",
            "bDate": "05-04-1992",
            "bGroup": "AB+",
            "treatment": "Cholera"
        },
        {
            "img": "assets/images/user/user5.jpg",
            "name": "Jacob Ryan",
            "sex": "Female",
            "address": "22,tilak appt. surat",
            "mobile": "1234567890",
            "bDate": "25-04-1988",
            "bGroup": "AB-",
            "treatment": "Fever"
        },
        {
            "img": "assets/images/user/user6.jpg",
            "name": "Pooja Patel",
            "sex": "Male",
            "address": "22,tilak appt. surat",
            "mobile": "1234567890",
            "bDate": "15-09-1991",
            "bGroup": "AB+",
            "treatment": "Cholera"
        },
        {
            "img": "assets/images/user/user7.jpg",
            "name": "Sarah Smith",
            "sex": "Female",
            "address": "18,Ajay flats, satadhar, ahmedabad",
            "mobile": "1234567890",
            "bDate": "13-07-1992",
            "bGroup": "AB-",
            "treatment": "Cholera"
        }
    ]
}