{
    "data": [
        {
            "img": "assets/images/user/user1.jpg",
            "rNo": "101",
            "pName": "Sarah Smith",
            "rType": "Delux",
            "sex": "Female",
            "aDate": "21-04-2019",
            "dDate": "23-04-2019"
        },
        {
            "img": "assets/images/user/user2.jpg",
            "rNo": "102",
            "pName": "Vishal Kumar",
            "rType": "Super Delux",
            "sex": "Male",
            "aDate": "25-04-2019",
            "dDate": "28-04-2019"
        },
        {
            "img": "assets/images/user/user3.jpg",
            "rNo": "103",
            "pName": "Rahul Malhotra",
            "rType": "ICU",
            "sex": "Male",
            "aDate": "01-05-2019",
            "dDate": "05-05-2019"
        },
        {
            "img": "assets/images/user/user4.jpg",
            "rNo": "104",
            "pName": "Priya Jain",
            "rType": "General",
            "sex": "Female",
            "aDate": "11-05-2019",
            "dDate": "15-05-2019"
        },
        {
            "img": "assets/images/user/user5.jpg",
            "rNo": "105",
            "pName": "Radhika Patel",
            "rType": "Delux",
            "sex": "Female",
            "aDate": "21-05-2019",
            "dDate": "22-05-2019"
        },
        {
            "img": "assets/images/user/user6.jpg",
            "rNo": "106",
            "pName": "Sarah Smith",
            "rType": "Delux",
            "sex": "Female",
            "aDate": "21-04-2019",
            "dDate": "23-04-2019"
        },
        {
            "img": "assets/images/user/user7.jpg",
            "rNo": "107",
            "pName": "Vishal Kumar",
            "rType": "Super Delux",
            "sex": "Male",
            "aDate": "25-04-2019",
            "dDate": "28-04-2019"
        },
        {
            "img": "assets/images/user/user8.jpg",
            "rNo": "108",
            "pName": "Rahul Malhotra",
            "rType": "ICU",
            "sex": "Male",
            "aDate": "01-05-2019",
            "dDate": "05-05-2019"
        },
        {
            "img": "assets/images/user/user9.jpg",
            "rNo": "109",
            "pName": "Priya Jain",
            "rType": "General",
            "sex": "Female",
            "aDate": "11-05-2019",
            "dDate": "15-05-2019"
        },
        {
            "img": "assets/images/user/user1.jpg",
            "rNo": "110",
            "pName": "Radhika Patel",
            "rType": "Delux",
            "sex": "Female",
            "aDate": "21-05-2019",
            "dDate": "22-05-2019"
        },
        {
            "img": "assets/images/user/user8.jpg",
            "rNo": "111",
            "pName": "Sarah Smith",
            "rType": "Delux",
            "sex": "Female",
            "aDate": "21-04-2019",
            "dDate": "23-04-2019"
        },
        {
            "img": "assets/images/user/user2.jpg",
            "rNo": "112",
            "pName": "Vishal Kumar",
            "rType": "Super Delux",
            "sex": "Male",
            "aDate": "25-04-2019",
            "dDate": "28-04-2019"
        },
        {
            "img": "assets/images/user/user3.jpg",
            "rNo": "113",
            "pName": "Rahul Malhotra",
            "rType": "ICU",
            "sex": "Male",
            "aDate": "01-05-2019",
            "dDate": "05-05-2019"
        }
    ]
}