{
    "data": [
        {
            "img": "assets/images/user/user1.jpg",
            "designation": "Compounder",
            "email": "test@email.com",
            "jdate": "12-08-2019",
            "mobile": "1234567890",
            "name": "Pooja Patel",
            "address": "22,tilak appt. surat"
        },
        {
            "img": "assets/images/user/user2.jpg",
            "designation": "Nurse",
            "email": "test@email.com",
            "jdate": "22-08-2019",
            "mobile": "1234567890",
            "name": "Rajesh",
            "address": "11,Shyam appt. Rajkot"
        },
        {
            "img": "assets/images/user/user3.jpg",
            "designation": "Supervisor",
            "email": "test@email.com",
            "jdate": "23-03-2019",
            "mobile": "1234567890",
            "name": "John Deo",
            "address": "22,tilak appt. surat"
        },
        {
            "img": "assets/images/user/user4.jpg",
            "designation": "Nurse",
            "email": "test@email.com",
            "jdate": "09-08-2019",
            "mobile": "1234567890",
            "name": "Sarah Smith",
            "address": "11,Shyam appt. Rajkot"
        },
        {
            "img": "assets/images/user/user5.jpg",
            "designation": "Purchase Officer",
            "email": "test@email.com",
            "jdate": "03-05-2019",
            "mobile": "1234567890",
            "name": "Jay Soni",
            "address": "22,tilak appt. surat"
        },
        {
            "img": "assets/images/user/user6.jpg",
            "designation": "Receptionist",
            "email": "test@email.com",
            "jdate": "11-08-2019",
            "mobile": "1234567890",
            "name": "Jacob Ryan",
            "address": "11,Shyam appt. Rajkot"
        },
        {
            "img": "assets/images/user/user7.jpg",
            "designation": "Nurse",
            "email": "test@email.com",
            "jdate": "23-02-2019",
            "mobile": "1234567890",
            "name": "Megha Trivedi",
            "address": "22,tilak appt. surat"
        },
        {
            "img": "assets/images/user/user8.jpg",
            "designation": "Lab Assistent",
            "email": "test@email.com",
            "jdate": "04-03-2019",
            "mobile": "1234567890",
            "name": "Rajesh",
            "address": "11,Shyam appt. Rajkot"
        },
        {
            "img": "assets/images/user/user9.jpg",
            "designation": "Pharmacist",
            "email": "test@email.com",
            "jdate": "07-08-2019",
            "mobile": "1234567890",
            "name": "Pooja Patel",
            "address": "22,tilak appt. surat"
        },
        {
            "img": "assets/images/user/user10.jpg",
            "designation": "Nurse",
            "email": "test@email.com",
            "jdate": "14-12-2019",
            "mobile": "1234567890",
            "name": "Sarah Smith",
            "address": "11,Shyam appt. Rajkot"
        },
        {
            "img": "assets/images/user/user1.jpg",
            "designation": "Receptionist",
            "email": "test@email.com",
            "jdate": "12-08-2019",
            "mobile": "1234567890",
            "name": "Megha Trivedi",
            "address": "22,tilak appt. surat"
        },
        {
            "img": "assets/images/user/user1.jpg",
            "designation": "Compounder",
            "email": "test@email.com",
            "jdate": "12-08-2019",
            "mobile": "1234567890",
            "name": "Pooja Patel",
            "address": "22,tilak appt. surat"
        },
        {
            "img": "assets/images/user/user2.jpg",
            "designation": "Nurse",
            "email": "test@email.com",
            "jdate": "22-08-2019",
            "mobile": "1234567890",
            "name": "Rajesh",
            "address": "11,Shyam appt. Rajkot"
        },
        {
            "img": "assets/images/user/user3.jpg",
            "designation": "Supervisor",
            "email": "test@email.com",
            "jdate": "23-03-2019",
            "mobile": "1234567890",
            "name": "John Deo",
            "address": "22,tilak appt. surat"
        },
        {
            "img": "assets/images/user/user4.jpg",
            "designation": "Nurse",
            "email": "test@email.com",
            "jdate": "09-08-2019",
            "mobile": "1234567890",
            "name": "Sarah Smith",
            "address": "11,Shyam appt. Rajkot"
        },
        {
            "img": "assets/images/user/user5.jpg",
            "designation": "Purchase Officer",
            "email": "test@email.com",
            "jdate": "03-05-2019",
            "mobile": "1234567890",
            "name": "Jay Soni",
            "address": "22,tilak appt. surat"
        }
    ]
}